{"cameraMode":{"drawMode":0,"name":"Shaded","section":"Shading Mode"},"sceneLighting":true,"audioPlay":false,"sceneViewState":{"showFog":true,"showMaterialUpdate":false,"showSkybox":true,"showFlares":true,"showImageEffects":true,"showParticleSystems":true,"showVisualEffectGraphs":true,"m_FxEnabled":true},"in2DMode":false,"pivot":{"x":20.262691497802736,"y":-3.7129900455474855,"z":8.547200202941895},"rotation":{"x":0.22050029039382935,"y":0.09754347056150437,"z":-0.022153230383992196,"w":0.9700853228569031},"size":2.5912251472473146,"orthographic":false}