{"cameraMode":{"drawMode":0,"name":"Shaded","section":"Shading Mode"},"sceneLighting":true,"audioPlay":false,"sceneViewState":{"showFog":true,"showMaterialUpdate":false,"showSkybox":true,"showFlares":true,"showImageEffects":true,"showParticleSystems":true,"showVisualEffectGraphs":true,"m_FxEnabled":true},"in2DMode":false,"pivot":{"x":19.972414016723634,"y":-5.556034088134766,"z":10.474935531616211},"rotation":{"x":-0.25834259390830996,"y":0.10177896171808243,"z":-0.027382543310523034,"w":-0.9602658152580261},"size":6.191426753997803,"orthographic":false}