{"cameraMode":{"drawMode":0,"name":"Shaded","section":"Shading Mode"},"sceneLighting":true,"audioPlay":false,"sceneViewState":{"showFog":true,"showMaterialUpdate":false,"showSkybox":true,"showFlares":true,"showImageEffects":true,"showParticleSystems":true,"showVisualEffectGraphs":true,"m_FxEnabled":true},"in2DMode":false,"pivot":{"x":14.180906295776368,"y":-0.10036345571279526,"z":3.48805570602417},"rotation":{"x":-0.22628054022789002,"y":-0.24187259376049043,"z":0.058118145912885669,"w":-0.9417370557785034},"size":1.3912253379821778,"orthographic":false}