{"cameraMode":{"drawMode":0,"name":"Shaded","section":"Shading Mode"},"sceneLighting":true,"audioPlay":false,"sceneViewState":{"showFog":true,"showMaterialUpdate":false,"showSkybox":false,"showFlares":true,"showImageEffects":true,"showParticleSystems":true},"in2DMode":false,"pivot":{"x":12.203266143798829,"y":1.4217374324798585,"z":9.986305236816407},"rotation":{"x":-0.22698074579238892,"y":-0.5144547820091248,"z":0.1433788537979126,"w":-0.8143939971923828},"size":12.124356269836426,"orthographic":false}