{"cameraMode":{"drawMode":0,"name":"Shaded","section":"Shading Mode"},"sceneLighting":true,"audioPlay":false,"sceneViewState":{"showFog":true,"showMaterialUpdate":false,"showSkybox":true,"showFlares":true,"showImageEffects":true,"showParticleSystems":true},"in2DMode":false,"pivot":{"x":-53.837005615234378,"y":41.5065803527832,"z":-24.755292892456056},"rotation":{"x":0.2643445134162903,"y":0.30301976203918459,"z":-0.08789487183094025,"w":0.9113540053367615},"size":10.0,"orthographic":false}