{"cameraMode":{"drawMode":0,"name":"Shaded","section":"Shading Mode"},"sceneLighting":true,"audioPlay":false,"sceneViewState":{"showFog":false,"showMaterialUpdate":false,"showSkybox":false,"showFlares":false,"showImageEffects":false,"showParticleSystems":false},"in2DMode":false,"pivot":{"x":13.295930862426758,"y":-1.4197502136230469,"z":7.276247978210449},"rotation":{"x":0.22670717537403108,"y":0.6286945343017578,"z":-0.1988290399312973,"w":0.716818630695343},"size":14.530465126037598,"orthographic":false}