{"cameraMode":{"drawMode":0,"name":"Shaded","section":"Shading Mode"},"sceneLighting":true,"audioPlay":false,"sceneViewState":{"showFog":true,"showMaterialUpdate":false,"showSkybox":true,"showFlares":true,"showImageEffects":true,"showParticleSystems":true},"in2DMode":false,"pivot":{"x":15.59561538696289,"y":0.3918721675872803,"z":9.164009094238282},"rotation":{"x":0.1175713837146759,"y":0.6925791501998901,"z":-0.1159680038690567,"w":0.7022021412849426},"size":4.325993061065674,"orthographic":false}