{"cameraMode":{"drawMode":0,"name":"Shaded","section":"Shading Mode"},"sceneLighting":true,"audioPlay":false,"sceneViewState":{"showFog":true,"showMaterialUpdate":false,"showSkybox":true,"showFlares":true,"showImageEffects":true,"showParticleSystems":true},"in2DMode":false,"pivot":{"x":23.802324295043947,"y":-4.598438739776611,"z":9.487222671508789},"rotation":{"x":-0.22312645614147187,"y":-0.3061230778694153,"z":0.07403705269098282,"w":-0.9225106239318848},"size":1.8888362646102906,"orthographic":false}