{"cameraMode":{"drawMode":0,"name":"Shaded","section":"Shading Mode"},"sceneLighting":true,"audioPlay":false,"sceneViewState":{"showFog":true,"showMaterialUpdate":false,"showSkybox":true,"showFlares":true,"showImageEffects":true,"showParticleSystems":true},"in2DMode":false,"pivot":{"x":16.899097442626954,"y":-7.669139385223389,"z":21.70752716064453},"rotation":{"x":-0.27387550473213198,"y":-0.2402859628200531,"z":0.07088171690702439,"w":-0.9285802245140076},"size":27.52165985107422,"orthographic":false}